

INSERT INTO `FlipKartDatabase`.`UserCredantials` (`firstName`, `lastName`, `password`, `role`, `dateOfBirth`, `addressLine1`, `addressLine2`, `city`, `country`, `pinCode`, `email`, `phoneNumber`, `dateOfRegistration`) VALUES ('Paras', 'Mittal', 'paras', 'Admin', '1991-12-08', 'IIITB', 'EC', 'Bareilly', 'India', 243506, 'paras.mittal@iiitb.org', '7829608230', '2014-04-03');
INSERT INTO `FlipKartDatabase`.`UserCredantials` (`firstName`, `lastName`, `password`, `role`, `dateOfBirth`, `addressLine1`, `addressLine2`, `city`, `country`, `pinCode`, `email`, `phoneNumber`, `dateOfRegistration`) VALUES ('Ankit', 'Narang', 'ankit', 'User', '1989-03-05', 'IIITB', 'EC', 'Bangalore', 'India', 560100, 'ankit.narang@iiitb.org', '9739185485', '2014-04-03');
INSERT INTO `FlipKartDatabase`.`UserCredantials` (`firstName`, `lastName`, `password`, `role`, `dateOfBirth`, `addressLine1`, `addressLine2`, `city`, `country`, `pinCode`, `email`, `phoneNumber`, `dateOfRegistration`) VALUES ('Nikhil', 'Agrawal', 'nikhil', 'User', '1991-12-08', 'IIITB', 'EC', 'Bangalore', 'India', 560100, 'nikhil.agrawal@iiitb.org', '7829607021', '2014-04-03');
INSERT INTO `FlipKartDatabase`.`UserCredantials` (`firstName`, `lastName`, `password`, `role`, `dateOfBirth`, `addressLine1`, `addressLine2`, `city`, `country`, `pinCode`, `email`, `phoneNumber`, `dateOfRegistration`) VALUES ('Prashant', 'Ruwali', 'prashant', 'Seller', '1991-12-08', 'IIITB', 'EC', 'Bangalore', 'India', 560100, 'prashant.ruwali@iiitb.org', '9481133281', '2014-04-03');

INSERT INTO `FlipKartDatabase`.`Seller` (`sellerId`, `userId`, `description`) VALUES (1, 4, 'Good');


INSERT INTO `FlipKartDatabase`.`Category` (`categoryId`, `categoryName`, `image`) VALUES ('01', 'Electronics','asset/Images/mobile.jpg');
INSERT INTO `FlipKartDatabase`.`Category` (`categoryId`, `categoryName`, `image`) VALUES ('02', 'Fashion','asset/Images/mobile.jpg');
INSERT INTO `FlipKartDatabase`.`Category` (`categoryId`, `categoryName`, `image`) VALUES ('03', 'Books and Media','asset/Images/mobile.jpg');
INSERT INTO `FlipKartDatabase`.`Category` (`categoryId`, `categoryName`, `image`) VALUES ('04', 'Laptop','asset/Images/laptop.jpg');
INSERT INTO `FlipKartDatabase`.`Category` (`categoryId`, `categoryName`, `image`) VALUES ('05', 'Camera','asset/Images/camera.jpg');
INSERT INTO `FlipKartDatabase`.`Category` (`categoryId`, `categoryName`, `image`) VALUES ('06', 'Tablet','asset/Images/tablet.png');
INSERT INTO `FlipKartDatabase`.`Category` (`categoryId`, `categoryName`, `image`) VALUES ('07', 'Mobile','asset/Images/mobile.jpg');
INSERT INTO `FlipKartDatabase`.`Category` (`categoryId`, `categoryName`, `image`) VALUES ('08', 'Mobile accessories','asset/Images/mobileaccessories.jpg');
INSERT INTO `FlipKartDatabase`.`Category` (`categoryId`, `categoryName`, `image`) VALUES ('09', 'Laptop accessories','asset/Images/laptopaccessories.jpg');
INSERT INTO `FlipKartDatabase`.`Category` (`categoryId`, `categoryName`, `image`) VALUES ('10', 'Gaming Consoles','asset/Images/gamingconsoles.jpg');
INSERT INTO `FlipKartDatabase`.`Category` (`categoryId`, `categoryName`, `image`) VALUES ('11', 'Home audio & Mp3 players','asset/Images/audio&video.jpg');
INSERT INTO `FlipKartDatabase`.`Category` (`categoryId`, `categoryName`, `image`) VALUES ('12', 'Men','asset/Images/man.png');
INSERT INTO `FlipKartDatabase`.`Category` (`categoryId`, `categoryName`, `image`) VALUES ('13', 'Women','asset/Images/woman.png');
INSERT INTO `FlipKartDatabase`.`Category` (`categoryId`, `categoryName`, `image`) VALUES ('14', 'Baby and Kids','asset/Images/kids.png');
INSERT INTO `FlipKartDatabase`.`Category` (`categoryId`, `categoryName`, `image`) VALUES ('15', 'Clothing','asset/Images/kids.png');
INSERT INTO `FlipKartDatabase`.`Category` (`categoryId`, `categoryName`, `image`) VALUES ('16', 'Footwear','asset/Images/kids.png');
INSERT INTO `FlipKartDatabase`.`Category` (`categoryId`, `categoryName`, `image`) VALUES ('17', 'Watches','asset/Images/kids.png');
INSERT INTO `FlipKartDatabase`.`Category` (`categoryId`, `categoryName`, `image`) VALUES ('18', 'Sunglasses','asset/Images/kids.png');
INSERT INTO `FlipKartDatabase`.`Category` (`categoryId`, `categoryName`, `image`) VALUES ('19', 'Fragrances','asset/Images/kids.png');
INSERT INTO `FlipKartDatabase`.`Category` (`categoryId`, `categoryName`, `image`) VALUES ('20', 'Bag,Belt and Wallets','asset/Images/kids.png');
INSERT INTO `FlipKartDatabase`.`Category` (`categoryId`, `categoryName`, `image`) VALUES ('21', 'Men accesories','asset/Images/kids.png');
INSERT INTO `FlipKartDatabase`.`Category` (`categoryId`, `categoryName`, `image`) VALUES ('22', 'Jewellery','asset/Images/kids.png');
INSERT INTO `FlipKartDatabase`.`Category` (`categoryId`, `categoryName`, `image`) VALUES ('23', 'Kids Clothing','asset/Images/kids.png');
INSERT INTO `FlipKartDatabase`.`Category` (`categoryId`, `categoryName`, `image`) VALUES ('24', 'Kids Footwear','asset/Images/kids.png');
INSERT INTO `FlipKartDatabase`.`Category` (`categoryId`, `categoryName`, `image`) VALUES ('25', 'Baby Diapers','asset/Images/kids.png');
INSERT INTO `FlipKartDatabase`.`Category` (`categoryId`, `categoryName`, `image`) VALUES ('26', 'Baby care','asset/Images/kids.png');
INSERT INTO `FlipKartDatabase`.`Category` (`categoryId`, `categoryName`, `image`) VALUES ('27', 'Toy and Games','asset/Images/kids.png');
INSERT INTO `FlipKartDatabase`.`Category` (`categoryId`, `categoryName`, `image`) VALUES ('28', 'Books','asset/Images/kids.png');
INSERT INTO `FlipKartDatabase`.`Category` (`categoryId`, `categoryName`, `image`) VALUES ('29', 'eBooks','asset/Images/ebook.jpg');
INSERT INTO `FlipKartDatabase`.`Category` (`categoryId`, `categoryName`, `image`) VALUES ('30', 'Music','asset/Images/music.jpg');
INSERT INTO `FlipKartDatabase`.`Category` (`categoryId`, `categoryName`, `image`) VALUES ('31', 'Movie & TV Shows','asset/Images/tvshows.jpg');
INSERT INTO `FlipKartDatabase`.`Category` (`categoryId`, `categoryName`, `image`) VALUES ('32', 'Games','asset/Images/games.jpg');
INSERT INTO `FlipKartDatabase`.`Category` (`categoryId`, `categoryName`, `image`) VALUES ('33', 'Stationary','asset/Images/stationary.jpg');
INSERT INTO `FlipKartDatabase`.`Category` (`categoryId`, `categoryName`, `image`) VALUES ('34', 'Home & Kitchen','asset/Images/kids.png');
INSERT INTO `FlipKartDatabase`.`Category` (`categoryId`, `categoryName`, `image`) VALUES ('35', 'Home Furnishing','asset/Images/kids.png');
INSERT INTO `FlipKartDatabase`.`Category` (`categoryId`, `categoryName`, `image`) VALUES ('36', 'Bed','asset/Images/kids.png');
INSERT INTO `FlipKartDatabase`.`Category` (`categoryId`, `categoryName`, `image`) VALUES ('37', 'Kitchen','asset/Images/kids.png');
INSERT INTO `FlipKartDatabase`.`Category` (`categoryId`, `categoryName`, `image`) VALUES ('38', 'Bath','asset/Images/kids.png');
INSERT INTO `FlipKartDatabase`.`Category` (`categoryId`, `categoryName`, `image`) VALUES ('39', 'Living','asset/Images/kids.png');
INSERT INTO `FlipKartDatabase`.`Category` (`categoryId`, `categoryName`, `image`) VALUES ('40', 'Home appliances','asset/Images/kids.png');
INSERT INTO `FlipKartDatabase`.`Category` (`categoryId`, `categoryName`, `image`) VALUES ('41', 'More Stores','asset/Images/kids.png');
INSERT INTO `FlipKartDatabase`.`Category` (`categoryId`, `categoryName`, `image`) VALUES ('42', 'Sports & Fitness','asset/Images/kids.png');
INSERT INTO `FlipKartDatabase`.`Category` (`categoryId`, `categoryName`, `image`) VALUES ('43', 'Team Sports','asset/Images/kids.png');
INSERT INTO `FlipKartDatabase`.`Category` (`categoryId`, `categoryName`, `image`) VALUES ('44', 'Indoor Games','asset/Images/kids.png');
INSERT INTO `FlipKartDatabase`.`Category` (`categoryId`, `categoryName`, `image`) VALUES ('45', 'Racquet Sports','asset/Images/kids.png');
INSERT INTO `FlipKartDatabase`.`Category` (`categoryId`, `categoryName`, `image`) VALUES ('46', 'Outdoor Adventure','asset/Images/kids.png');
INSERT INTO `FlipKartDatabase`.`Category` (`categoryId`, `categoryName`, `image`) VALUES ('47', 'Other Sports','asset/Images/kids.png');
INSERT INTO `FlipKartDatabase`.`Category` (`categoryId`, `categoryName`, `image`) VALUES ('48', 'Literature','asset/Images/literature.jpg');
INSERT INTO `FlipKartDatabase`.`Category` (`categoryId`, `categoryName`, `image`) VALUES ('49', 'Academic','asset/Images/academic.jpg');
INSERT INTO `FlipKartDatabase`.`Category` (`categoryId`, `categoryName`, `image`) VALUES ('50', 'Entrance','asset/Images/entrance.jpg');

INSERT INTO `FlipKartDatabase`.`CategoryRelation` (`categoryId`, `subCategoryId`) VALUES ('01', '04');
INSERT INTO `FlipKartDatabase`.`CategoryRelation` (`categoryId`, `subCategoryId`) VALUES ('01', '05');
INSERT INTO `FlipKartDatabase`.`CategoryRelation` (`categoryId`, `subCategoryId`) VALUES ('01', '06');
INSERT INTO `FlipKartDatabase`.`CategoryRelation` (`categoryId`, `subCategoryId`) VALUES ('01', '07');
INSERT INTO `FlipKartDatabase`.`CategoryRelation` (`categoryId`, `subCategoryId`) VALUES ('01', '08');
INSERT INTO `FlipKartDatabase`.`CategoryRelation` (`categoryId`, `subCategoryId`) VALUES ('01', '09');
INSERT INTO `FlipKartDatabase`.`CategoryRelation` (`categoryId`, `subCategoryId`) VALUES ('01', '10');
INSERT INTO `FlipKartDatabase`.`CategoryRelation` (`categoryId`, `subCategoryId`) VALUES ('01', '11');
INSERT INTO `FlipKartDatabase`.`CategoryRelation` (`categoryId`, `subCategoryId`) VALUES ('02', '12');
INSERT INTO `FlipKartDatabase`.`CategoryRelation` (`categoryId`, `subCategoryId`) VALUES ('02', '13');
INSERT INTO `FlipKartDatabase`.`CategoryRelation` (`categoryId`, `subCategoryId`) VALUES ('02', '14');
INSERT INTO `FlipKartDatabase`.`CategoryRelation` (`categoryId`, `subCategoryId`) VALUES ('12', '15');
INSERT INTO `FlipKartDatabase`.`CategoryRelation` (`categoryId`, `subCategoryId`) VALUES ('12', '16');
INSERT INTO `FlipKartDatabase`.`CategoryRelation` (`categoryId`, `subCategoryId`) VALUES ('12', '17');
INSERT INTO `FlipKartDatabase`.`CategoryRelation` (`categoryId`, `subCategoryId`) VALUES ('12', '18');
INSERT INTO `FlipKartDatabase`.`CategoryRelation` (`categoryId`, `subCategoryId`) VALUES ('12', '19');
INSERT INTO `FlipKartDatabase`.`CategoryRelation` (`categoryId`, `subCategoryId`) VALUES ('12', '20');
INSERT INTO `FlipKartDatabase`.`CategoryRelation` (`categoryId`, `subCategoryId`) VALUES ('12', '21');
INSERT INTO `FlipKartDatabase`.`CategoryRelation` (`categoryId`, `subCategoryId`) VALUES ('13', '15');
INSERT INTO `FlipKartDatabase`.`CategoryRelation` (`categoryId`, `subCategoryId`) VALUES ('13', '16');
INSERT INTO `FlipKartDatabase`.`CategoryRelation` (`categoryId`, `subCategoryId`) VALUES ('13', '17');
INSERT INTO `FlipKartDatabase`.`CategoryRelation` (`categoryId`, `subCategoryId`) VALUES ('13', '18');
INSERT INTO `FlipKartDatabase`.`CategoryRelation` (`categoryId`, `subCategoryId`) VALUES ('13', '19');
INSERT INTO `FlipKartDatabase`.`CategoryRelation` (`categoryId`, `subCategoryId`) VALUES ('13', '20');
INSERT INTO `FlipKartDatabase`.`CategoryRelation` (`categoryId`, `subCategoryId`) VALUES ('13', '22');
INSERT INTO `FlipKartDatabase`.`CategoryRelation` (`categoryId`, `subCategoryId`) VALUES ('14', '23');
INSERT INTO `FlipKartDatabase`.`CategoryRelation` (`categoryId`, `subCategoryId`) VALUES ('14', '24');
INSERT INTO `FlipKartDatabase`.`CategoryRelation` (`categoryId`, `subCategoryId`) VALUES ('14', '25');
INSERT INTO `FlipKartDatabase`.`CategoryRelation` (`categoryId`, `subCategoryId`) VALUES ('14', '26');
INSERT INTO `FlipKartDatabase`.`CategoryRelation` (`categoryId`, `subCategoryId`) VALUES ('14', '27');
INSERT INTO `FlipKartDatabase`.`CategoryRelation` (`categoryId`, `subCategoryId`) VALUES ('03', '28');
INSERT INTO `FlipKartDatabase`.`CategoryRelation` (`categoryId`, `subCategoryId`) VALUES ('03', '29');
INSERT INTO `FlipKartDatabase`.`CategoryRelation` (`categoryId`, `subCategoryId`) VALUES ('03', '30');
INSERT INTO `FlipKartDatabase`.`CategoryRelation` (`categoryId`, `subCategoryId`) VALUES ('03', '31');
INSERT INTO `FlipKartDatabase`.`CategoryRelation` (`categoryId`, `subCategoryId`) VALUES ('03', '32');
INSERT INTO `FlipKartDatabase`.`CategoryRelation` (`categoryId`, `subCategoryId`) VALUES ('03', '33');
INSERT INTO `FlipKartDatabase`.`CategoryRelation` (`categoryId`, `subCategoryId`) VALUES ('03', '48');
INSERT INTO `FlipKartDatabase`.`CategoryRelation` (`categoryId`, `subCategoryId`) VALUES ('03', '49');
INSERT INTO `FlipKartDatabase`.`CategoryRelation` (`categoryId`, `subCategoryId`) VALUES ('03', '50');
INSERT INTO `FlipKartDatabase`.`CategoryRelation` (`categoryId`, `subCategoryId`) VALUES ('34', '35');
INSERT INTO `FlipKartDatabase`.`CategoryRelation` (`categoryId`, `subCategoryId`) VALUES ('34', '36');
INSERT INTO `FlipKartDatabase`.`CategoryRelation` (`categoryId`, `subCategoryId`) VALUES ('34', '37');
INSERT INTO `FlipKartDatabase`.`CategoryRelation` (`categoryId`, `subCategoryId`) VALUES ('34', '38');
INSERT INTO `FlipKartDatabase`.`CategoryRelation` (`categoryId`, `subCategoryId`) VALUES ('34', '39');
INSERT INTO `FlipKartDatabase`.`CategoryRelation` (`categoryId`, `subCategoryId`) VALUES ('34', '40');
INSERT INTO `FlipKartDatabase`.`CategoryRelation` (`categoryId`, `subCategoryId`) VALUES ('41', '42');
INSERT INTO `FlipKartDatabase`.`CategoryRelation` (`categoryId`, `subCategoryId`) VALUES ('41', '43');
INSERT INTO `FlipKartDatabase`.`CategoryRelation` (`categoryId`, `subCategoryId`) VALUES ('41', '44');
INSERT INTO `FlipKartDatabase`.`CategoryRelation` (`categoryId`, `subCategoryId`) VALUES ('41', '45');
INSERT INTO `FlipKartDatabase`.`CategoryRelation` (`categoryId`, `subCategoryId`) VALUES ('41', '46');
INSERT INTO `FlipKartDatabase`.`CategoryRelation` (`categoryId`, `subCategoryId`) VALUES ('41', '47');


INSERT INTO `FlipKartDatabase`.`ProductInfo` (`productId`, `productName`, `price`, `image`, `offer`, `categoryId`, `keywords`, `description`, `brand`, `warranty`) VALUES ('01', 'Lava Iris Pro 30', '15399', 'asset/Images/lava.jpg', '0', '07', 'Mobile, Electronics, Smart phone, Dual Sim', '4.7-inch Touchscreen, Dual SIM (GSM + GSM), 3 MP Secondary Camera, Android v4.2.1 (Jelly Bean) OS, 1.2 GHz Quad Core Processor, Wi-Fi Enabled, 8 MP Primary Camera, Expandable Storage Capacity of 32 GB', 'LAVA', '1');
INSERT INTO `FlipKartDatabase`.`ProductInfo` (`productId`, `productName`, `price`, `image`, `offer`, `categoryId`, `keywords`, `description`, `brand`, `warranty`) VALUES ('02', 'Micromax Bolt A068', '6490', 'asset/Images/mb.jpg', '0', '07', 'Mobile, Electronics, Smart phone, Dual Sim', '5 MP Primary Camera, Wi-Fi Enabled,1 GHz MT 6572M Dual Core Processor, Android v4.2.2 (Jelly Bean) OS, Dual SIM (GSM + GSM), 0.3 MP Secondary Camera, 5-inch Touchscreen, 32 GB Expandable ', 'Micromax', '1');
INSERT INTO `FlipKartDatabase`.`ProductInfo` (`productId`, `productName`, `price`, `image`, `offer`, `categoryId`, `keywords`, `description`, `brand`, `warranty`) VALUES ('03', 'iBall Senior Aasaan2', '2799', 'asset/Images/iball.jpg', '0', '07', 'Mobile, Electronics, Budget phone, Dual Sim', 'Dual Standby SIM (GSM + GSM), Wireless FM Radio, Expandable Storage Capacity of 8 GB, Bluetooth Support, Digital Camera Support, 1.77-inch Screen, Alphanumeric Keypad', 'iBall', '1');
INSERT INTO `FlipKartDatabase`.`ProductInfo` (`productId`, `productName`, `price`, `image`, `offer`, `categoryId`, `keywords`, `description`, `brand`, `warranty`) VALUES ('04', 'Nokia Asha 503', '6549', 'asset/Images/asha.jpg', '0', '07', 'Mobile, Electronics, Smart phone, Dual Sim', 'Nokia Asha 1.1 OS, Dual Standby SIM (GSM + GSM), 3-inch LCD Capacitive Touchscreen, Expandable Storage Capacity of 32 GB, FM Radio, 5 MP Primary Camera, Wi-Fi Enabled', 'Nokia', '1');
INSERT INTO `FlipKartDatabase`.`ProductInfo` (`productId`, `productName`, `price`, `image`, `offer`, `categoryId`, `keywords`, `description`, `brand`, `warranty`) VALUES ('05', 'Kochadiyyan Phones', '3569', 'asset/Images/kktl.jpg', '0', '07', 'Mobile, Electronics, Budget phone, Dual Sim', '2.7-inch Screen, Dual SIM (GSM + GSM), 2 MP Secondary Camera, Expandable Storage Capacity of 32 GB, Bluetooth Support, Wireless FM Radio', 'LAVA', '1');
INSERT INTO `FlipKartDatabase`.`ProductInfo` (`productId`, `productName`, `price`, `image`, `offer`, `categoryId`, `keywords`, `description`, `brand`, `warranty`) VALUES ('06', 'Lava E-Tab XTRON+ Tablet', '7499', 'asset/Images/letx.jpg', '3000', '06', 'Tablet, Electronics', 'Android v4.2.2 (Jelly Bean) OS, 3700 mAh Battery, 1.5 GHz Dual Core Processor, HDMI v1.4, 7-inch Multi-touch Screen, 1 GB DDR3 RAM, 2 MP Primary Camera and 0.3 MP Secondary Camera', 'LAVA', '1');
INSERT INTO `FlipKartDatabase`.`ProductInfo` (`productId`, `productName`, `price`, `image`, `offer`, `categoryId`, `keywords`, `description`, `brand`, `warranty`) VALUES ('07', 'HP Slate 7 Tablet', '11500', 'asset/Images/hp.jpg', '4501', '06', 'Tablet, Electronics', '0.3 MP Secondary Camera, 1.6 GHz Dual Core ARM Cortex-A9 Processor, Android v4.1.1 (Jelly Bean) OS, 3 MP Primary Camera, 7-inch HFFS LCD, Wi-Fi Enabled, Expandable Storage Capacity of 32 GB', 'HP', '1');
INSERT INTO `FlipKartDatabase`.`ProductInfo` (`productId`, `productName`, `price`, `image`, `offer`, `categoryId`, `keywords`, `description`, `brand`, `warranty`) VALUES ('08', 'Asus Fonepad 7 Tablet (2013)', '17495', 'asset/Images/asus.jpg', '650', '06', 'Tablet, Electronics', '5 MP Primary Camera, 7-inch Touchscreen, 1.2 MP Secondary Camera, 64 GB Expandable, 1.6 GHz Intel Dual Core Processor, Wi-Fi Enabled, Android v4.2 (Jelly Bean) OS, Full HD Recording', 'ASUS', '1');
INSERT INTO `FlipKartDatabase`.`ProductInfo` (`productId`, `productName`, `price`, `image`, `offer`, `categoryId`, `keywords`, `description`, `brand`, `warranty`) VALUES ('09', 'iBall Slide i9018 Tablet', '7168', 'asset/Images/iballslide.jpg', '0', '06', 'Tablet, Electronics', '0.3 MP Secondary Camera, Expandable Storage Capacity of 32 GB, 2 MP Primary Camera, Android v4.2 OS, 9-inch Capacitive Touchscreen, 1 GHz Dual Core Cortex-A7 Processor, Wi-Fi Enabled', 'iBall', '1');
INSERT INTO `FlipKartDatabase`.`ProductInfo` (`productId`, `productName`, `price`, `image`, `offer`, `categoryId`, `keywords`, `description`, `brand`, `warranty`) VALUES ('10', 'HP Envy Touchsmart 15-j109TX Laptop (4th Gen Ci7/ 8GB/ 1TB 8GB NAND/ Win8.1/ 2GB Graph/ Touch)', '82141', 'asset/Images/envytouch.jpg', '0', '04', 'Laptop, Electronics, Touch Laptop', 'Core i7 (4th Gen), 1 TB HDD, 8 GB SSD, 8 GB DDR3 RAM, Windows 8.1', 'HP', '2');
INSERT INTO `FlipKartDatabase`.`ProductInfo` (`productId`, `productName`, `price`, `image`, `offer`, `categoryId`, `keywords`, `description`, `brand`, `warranty`) VALUES ('11', 'Asus X551CA-SX075D Laptop (3rd Gen CDC/ 2GB/ 500GB/ DOS)', '17480', 'asset/Images/asusx.jpg', '0', '04', 'Laptop, Electronics', 'Celeron Dual Core , 500 GB HDD, 2 GB DDR3 RAM, Free DOS', 'ASUS', '1');
INSERT INTO `FlipKartDatabase`.`ProductInfo` (`productId`, `productName`, `price`, `image`, `offer`, `categoryId`, `keywords`, `description`, `brand`, `warranty`) VALUES ('12', 'Lenovo Essential B490 (59-382575) Laptop (3rd Gen PDC/ 2GB/ 500GB/ DOS)', '25635', 'asset/Images/lenovoe.jpg', '1000', '04', 'Laptop, Electronics', ' 500 GB HDD, 2 GB DDR3 RAM, DOS', 'Lenovo', '2');
INSERT INTO `FlipKartDatabase`.`ProductInfo` (`productId`, `productName`, `price`, `image`, `offer`, `categoryId`, `keywords`, `description`, `brand`, `warranty`) VALUES ('13', 'Toshiba Satellite C50-A X0011 Laptop (4th Gen Ci5/ 4GB/ 500GB/ No OS)', '35900', 'asset/Images/toshibas.jpg', '0', '04', 'Laptop, Electronics', 'Core i5 (4th Gen), 500 GB HDD,4 GB DDR3 RAM', 'Toshiba', '1');
INSERT INTO `FlipKartDatabase`.`ProductInfo` (`productId`, `productName`, `price`, `image`, `offer`, `categoryId`, `keywords`, `description`, `brand`, `warranty`) VALUES ('14', 'Dell Vostro 2520 Laptop (3rd Gen Ci3/ 4GB/ 500GB/ Ubuntu)', '35000', 'asset/Images/dellv.jpg', '7000', '04', 'Laptop, Electronics', 'Core i3 (3rd Gen), 500 GB HDD, 4 GB DDR3 RAM, Ubuntu', 'Dell', '1');
INSERT INTO `FlipKartDatabase`.`ProductInfo` (`productId`, `productName`, `price`, `image`, `offer`, `categoryId`, `keywords`, `description`, `brand`, `warranty`) VALUES ('15', 'Asus X551CA-SX021D Laptop (3rd Gen CDC/ 2GB/ 500GB/ DOS)', '18450', 'asset/Images/asusn.jpg', '0', '04', 'Laptop, Electronics', 'Celeron Dual Core  (3rd Gen), 500 GB HDD, 2 GB DDR3 RAM, DOS', 'Asus', '1');
INSERT INTO `FlipKartDatabase`.`ProductInfo` (`productId`, `productName`, `price`, `image`, `offer`, `categoryId`, `keywords`, `description`, `brand`, `warranty`) VALUES ('16', 'Dell Vostro 2520 Laptop (3rd Gen PDC/ 2GB/ 500GB/ Ubuntu)', '25700', 'asset/Images/dellv2.jpg', '1900', '04', 'Laptop, Electronics', 'Pentium Dual Core (3rd Gen), 500 GB HDD, 2 GB DDR3 RAM, Ubuntu', 'Dell', '1');
INSERT INTO `FlipKartDatabase`.`ProductInfo` (`productId`, `productName`, `price`, `image`, `offer`, `categoryId`, `keywords`, `description`, `brand`, `warranty`) VALUES ('17', 'Nikon Coolpix S4400 Point & Shoot', '8450', 'asset/Images/nikonc.jpg', '900', '05', 'Camera, Electronics', '20.1 Megapixels, CCD Image Sensor, Optical Zoom: 6x, with 3 inch LCD', 'Nikon', '1');
INSERT INTO `FlipKartDatabase`.`ProductInfo` (`productId`, `productName`, `price`, `image`, `offer`, `categoryId`, `keywords`, `description`, `brand`, `warranty`) VALUES ('18', 'Sony CyberShot DSC-W810 Point & Shoot', '7490', 'asset/Images/sonyc.jpg', '300', '05', 'Camera, Electronics', '20.1 Megapixels, Super HAD CCD Image, Optical Zoom: 6x, with 2.7 inch LCD', 'Sony', '1');
INSERT INTO `FlipKartDatabase`.`ProductInfo` (`productId`, `productName`, `price`, `image`, `offer`, `categoryId`, `keywords`, `description`, `brand`, `warranty`) VALUES ('19', 'Sony Cyber-shot DSC-W830 Point & Shoot', '8490', 'asset/Images/sonyc1.jpg', '1900', '05', 'Camera, Electronics', '20.1 Megapixels, CCD Image Sensor, Optical Zoom: 6x, with 2.7 inch LCD', 'Sony', '1');
INSERT INTO `FlipKartDatabase`.`ProductInfo` (`productId`, `productName`, `price`, `image`, `offer`, `categoryId`, `keywords`, `description`, `brand`, `warranty`) VALUES ('20', 'Canon PowerShot SX50 HS Point & Shoot', '29995', 'asset/Images/canonp.jpg', '5000', '05', 'Camera, Electronics', '12.1 Megapixels, CMOS Image Sensor, Optical Zoom: 50x, with 2.8 inch LCD', 'Canon', '1');
INSERT INTO `FlipKartDatabase`.`ProductInfo` (`productId`, `productName`, `price`, `image`, `offer`, `categoryId`, `keywords`, `description`, `brand`, `warranty`) VALUES ('21', 'Nikon Coolpix S6500 Advance Point and shoot', '11950', 'asset/Images/nikonc1.jpg', '1500', '05', 'Camera, Electronics', '16.1 Megapixels, CMOS, Optical Zoom: 12x, with 3 inch LCD', 'Nikon', '1');
INSERT INTO `FlipKartDatabase`.`ProductInfo` (`productId`, `productName`, `price`, `image`, `offer`, `categoryId`, `keywords`, `description`, `brand`, `warranty`) VALUES ('22', 'Nikon Coolpix P520 Advance Point and shoot', '23950', 'asset/Images/canonp.jpg', '4000', '05', 'Camera, Electronics', '18.1 Megapixels, CMOS, Optical Zoom: 42x, with 3.2 inch LCD', 'Nikon', '1');
INSERT INTO `FlipKartDatabase`.`ProductInfo` (`productId`, `productName`, `price`, `image`, `offer`, `categoryId`, `keywords`, `description`, `brand`, `warranty`) VALUES ('23', 'Nikon Coolpix S6500 Advance Point and shoot', '11950', 'asset/Images/nikonc2.jpg', '1500', '05', 'Camera, Electronics', '16.1 Megapixels, CMOS, Optical Zoom: 12x, with 3 inch LCD', 'Nikon', '1');
INSERT INTO `FlipKartDatabase`.`ProductInfo` (`productId`, `productName`, `price`, `image`, `offer`, `categoryId`, `keywords`, `description`, `brand`, `warranty`) VALUES ('24', 'Sony PSP', '6990', 'asset/Images/sonypsp.jpg', '0', '01', 'Gaming, Electronics', 'Lithium-ion Rechargeable Battery: DC 5.0 V, Monaural Speaker','Sony' ,'1');
INSERT INTO `FlipKartDatabase`.`ProductInfo` (`productId`, `productName`, `price`, `image`, `offer`, `categoryId`, `keywords`, `description`, `brand`, `warranty`) VALUES ('25', 'Mitashi Game In Thunder Bolt', '6799', 'asset/Images/mitashi.jpg', '399', '10', 'Gaming, Electronics', '1000 mAh / 3.7 V Rechargeable Battery, Monaural Speaker','Mitashi' ,'1');
INSERT INTO `FlipKartDatabase`.`ProductInfo` (`productId`, `productName`, `price`, `image`, `offer`, `categoryId`, `keywords`, `description`, `brand`, `warranty`) VALUES ('26', 'Logitech G400s USB 2.0 Optical Mouse', '2495', 'asset/Images/logitech.jpg', '500', '10', 'Gaming, Electronics, Laptop', '25 g Max Acceleration, Optical Sensor, 4000dpi Sensor, 8 Buttons','Logitech' ,'1');
INSERT INTO `FlipKartDatabase`.`ProductInfo` (`productId`, `productName`, `price`, `image`, `offer`, `categoryId`, `keywords`, `description`, `brand`, `warranty`) VALUES ('27', 'Logitech G400s USB 2.0 Optical Mouse', '2495', 'asset/Images/logitech.jpg', '500', '10', 'Gaming, Electronics, Laptop', '25 g Max Acceleration, Optical Sensor, 4000dpi Sensor, 8 Buttons','Logitech' ,'1');
INSERT INTO `FlipKartDatabase`.`ProductInfo` (`productId`, `productName`, `price`, `image`, `offer`, `categoryId`, `keywords`, `description`, `brand`, `warranty`) VALUES ('28', 'Skullcandy S4CHFZ-312 Chops Buds Supreme In-the-ear Headphone', '1299', 'asset/Images/skullcandy.jpg', '300', '08', 'Gaming, Electronics, Laptop accessories, Laptop, ', 'In-the-ear Headphone, 20-20000 Hz Frequency','Skullcandy' ,'1');
INSERT INTO `FlipKartDatabase`.`ProductInfo` (`productId`, `productName`, `price`, `image`, `offer`, `categoryId`, `keywords`, `description`, `brand`, `warranty`) VALUES ('29', 'Skullcandy S4CHFZ-033 Hanger Chops In-the-ear Headphone', '1299', 'asset/Images/skullcandy1.jpg', '300', '08', 'Gaming, Electronics, Laptop accessories, Laptop, ', 'In-the-ear Headphone, 20-20000 Hz Frequency','Skullcandy' ,'1');
INSERT INTO `FlipKartDatabase`.`ProductInfo` (`productId`, `productName`, `price`, `image`, `offer`, `categoryId`, `keywords`, `description`, `brand`, `warranty`) VALUES ('30', 'Skullcandy SGHSFY-145 Hesh 2.0 CHELSEA W / Mic Headset', '5299', 'asset/Images/skullcandy2.jpg', '800', '08', 'Gaming, Electronics, Laptop accessories, Laptop, ', 'In-the-ear Headphone, 20-20000 Hz Frequency','Skullcandy' ,'1');
INSERT INTO `FlipKartDatabase`.`ProductInfo` (`productId`, `productName`, `price`, `image`, `offer`, `categoryId`, `keywords`, `description`, `brand`, `warranty`) VALUES ('31', 'Skullcandy S6SCFY-059 Crusher Over-the-ear Headset', '7999', 'asset/Images/skullcandy3.jpg', '2020', '09', 'Gaming, Electronics, Laptop accessories, Laptop, ', 'In-the-ear Headphone, 20-20000 Hz Frequency','Skullcandy' ,'1');
INSERT INTO `FlipKartDatabase`.`ProductInfo` (`productId`, `productName`, `price`, `image`, `offer`, `categoryId`, `keywords`, `description`, `brand`, `warranty`) VALUES ('32', 'Transcend MicroSD Card 8 GB Class 4', '355', 'asset/Images/transcend.jpg', '120', '08', 'Mobile accessories, Electronics, Laptop accessories, Mobile, ', 'Class 4 Memory Card, Easy to use','Transcend' ,'5');
INSERT INTO `FlipKartDatabase`.`ProductInfo` (`productId`, `productName`, `price`, `image`, `offer`, `categoryId`, `keywords`, `description`, `brand`, `warranty`) VALUES ('33', 'SanDisk Cruzer Blade 16 GB Pen Drive', '399', 'asset/Images/sandisk.jpg', '0', '09', 'Electronics, Laptop accessories, Laptop, ', 'USB 2.0, Easy to use','SanDisk' ,'3');
INSERT INTO `FlipKartDatabase`.`ProductInfo` (`productId`, `productName`, `price`, `image`, `offer`, `categoryId`, `keywords`, `description`, `brand`, `warranty`) VALUES ('34', 'Moto G (Black, with 8 GB)', '12499', 'asset/Images/motog1.jpg', '2000', '07', 'Mobile, Electronics, Smart phone, Dual Sim', '5 MP Primary Camera and 1.3 MP Secondary Camera,4.5-inch HD Display,HD Recording,Wi-Fi Enabled,1.2 GHz Qualcomm Snapdragon 400 Quad Core Processor and 1 GB RAM,Dual SIM (GSM + GSM)', 'Motorola', '1');
INSERT INTO `FlipKartDatabase`.`ProductInfo` (`productId`, `productName`, `price`, `image`, `offer`, `categoryId`, `keywords`, `description`, `brand`, `warranty`) VALUES ('35', 'HP Compaq 15-a002TU Laptop (3rd Gen Ci3/ 4GB/ 500GB/ Ubuntu) ', '36000', 'asset/Images/compaq.jpg', '18000', '04', 'Laptop, Electronics', 'Core i3 (3rd Gen), 500 GB HDD,48 GB DDR3 RAM, Ubuntu', 'HP', '3');
INSERT INTO `FlipKartDatabase`.`ProductInfo` (`productId`, `productName`, `price`, `image`, `offer`, `categoryId`, `keywords`, `description`, `brand`, `warranty`) VALUES ('36', 'Annie Toys 6 in 1 Educational Solar Energy Kit - Series-2 ', '559', 'asset/Images/toys.jpg', '180', '27', 'Gifts,Kids', 'Learn Concept Of Solar Energy,Use Solar Energy,Easy to Assemble and Play', 'Annie', '1');
INSERT INTO `FlipKartDatabase`.`ProductInfo` (`productId`, `productName`, `price`, `image`, `offer`, `categoryId`, `keywords`, `description`, `brand`, `warranty`) VALUES ('37', 'Philips HL1631/J 500 Juicer ', '2295', 'asset/Images/juicer1.jpg', '344', '40', 'Home appliances,Juicer', 'Juice Extractor,Juicing Feature,500 W Consumption', 'Philips', '2');

INSERT INTO `FlipKartDatabase`.`Advertizement` value(19, 'asset/Images/clc.jpg', '2014-03-30 19:26:38', 'UPTO 25% OFF ON CAMERA');
INSERT INTO `FlipKartDatabase`.`Advertizement` value(05, 'asset/Images/km.jpg', '2014-03-30 19:26:38', 'INTRODUCING KOCHADAIYAAN RANGE OF PHONES');
INSERT INTO `FlipKartDatabase`.`Advertizement` value(07, 'asset/Images/mclp.jpg', '2014-03-31 19:26:38', 'GET YOUR HAND ON MOTO G');
INSERT INTO `FlipKartDatabase`.`Advertizement` value(35, 'asset/Images/leo.jpg', '2014-04-01 19:26:38', 'EXCHANGE OFFER FLAT 50% OFF');
INSERT INTO `FlipKartDatabase`.`Advertizement` value(34, 'asset/Images/motog.jpg', '2014-04-02 19:26:38', 'UPGRADE TO MOTOG RS.2000 OFF');
INSERT INTO `FlipKartDatabase`.`Advertizement` value(37, 'asset/Images/juicer.jpg', '2014-04-03 19:26:38', 'EXTRA 15% OFF ON JUICER');
INSERT INTO `FlipKartDatabase`.`Advertizement` value(36, 'asset/Images/toy.jpg', '2014-04-03 23:26:38', 'LAST DAY OF DEAL EXTRA 25% OFF');


INSERT INTO `FlipKartDatabase`.`Keywords`(`productId`, `keyword`) VALUES ('01',  'Mobile');
INSERT INTO `FlipKartDatabase`.`Keywords`(`productId`, `keyword`) VALUES ('01',  'Electronics');
INSERT INTO `FlipKartDatabase`.`Keywords`(`productId`, `keyword`) VALUES ('01',  'Smart phone');
INSERT INTO `FlipKartDatabase`.`Keywords`(`productId`, `keyword`) VALUES ('01',  'Dual Sim');
INSERT INTO `FlipKartDatabase`.`Keywords`(`productId`, `keyword`) VALUES ('02',  'Mobile');
INSERT INTO `FlipKartDatabase`.`Keywords`(`productId`, `keyword`) VALUES ('02',  'Electronics');
INSERT INTO `FlipKartDatabase`.`Keywords`(`productId`, `keyword`) VALUES ('02',  'Smart phone');
INSERT INTO `FlipKartDatabase`.`Keywords`(`productId`, `keyword`) VALUES ('02',  'Dual Sim');
INSERT INTO `FlipKartDatabase`.`Keywords`(`productId`, `keyword`) VALUES ('03',  'Mobile');
INSERT INTO `FlipKartDatabase`.`Keywords`(`productId`, `keyword`) VALUES ('03',  'Electronics');
INSERT INTO `FlipKartDatabase`.`Keywords`(`productId`, `keyword`) VALUES ('03',  'Budget phone');
INSERT INTO `FlipKartDatabase`.`Keywords`(`productId`, `keyword`) VALUES ('03',  'Dual Sim');
INSERT INTO `FlipKartDatabase`.`Keywords`(`productId`, `keyword`) VALUES ('04',  'Mobile');
INSERT INTO `FlipKartDatabase`.`Keywords`(`productId`, `keyword`) VALUES ('04',  'Electronics');
INSERT INTO `FlipKartDatabase`.`Keywords`(`productId`, `keyword`) VALUES ('04',  'Smart phone');
INSERT INTO `FlipKartDatabase`.`Keywords`(`productId`, `keyword`) VALUES ('04',  'Dual Sim');
INSERT INTO `FlipKartDatabase`.`Keywords`(`productId`, `keyword`) VALUES ('05',  'Mobile');
INSERT INTO `FlipKartDatabase`.`Keywords`(`productId`, `keyword`) VALUES ('05',  'Electronics');
INSERT INTO `FlipKartDatabase`.`Keywords`(`productId`, `keyword`) VALUES ('05',  'Budget phone');
INSERT INTO `FlipKartDatabase`.`Keywords`(`productId`, `keyword`) VALUES ('05',  'Dual Sim');
INSERT INTO `FlipKartDatabase`.`Keywords`(`productId`, `keyword`) VALUES ('06',  'Tablet');
INSERT INTO `FlipKartDatabase`.`Keywords`(`productId`, `keyword`) VALUES ('06',  'Electronics');
INSERT INTO `FlipKartDatabase`.`Keywords`(`productId`, `keyword`) VALUES ('07',  'Tablet');
INSERT INTO `FlipKartDatabase`.`Keywords`(`productId`, `keyword`) VALUES ('07',  'Electronics');
INSERT INTO `FlipKartDatabase`.`Keywords`(`productId`, `keyword`) VALUES ('08',  'Tablet');
INSERT INTO `FlipKartDatabase`.`Keywords`(`productId`, `keyword`) VALUES ('08',  'Electronics');
INSERT INTO `FlipKartDatabase`.`Keywords`(`productId`, `keyword`) VALUES ('09',  'Tablet');
INSERT INTO `FlipKartDatabase`.`Keywords`(`productId`, `keyword`) VALUES ('09',  'Electronics');
INSERT INTO `FlipKartDatabase`.`Keywords`(`productId`, `keyword`) VALUES ('10',  'Laptop');
INSERT INTO `FlipKartDatabase`.`Keywords`(`productId`, `keyword`) VALUES ('10',  'Electronics');
INSERT INTO `FlipKartDatabase`.`Keywords`(`productId`, `keyword`) VALUES ('10',  'Touch Laptop');
INSERT INTO `FlipKartDatabase`.`Keywords`(`productId`, `keyword`) VALUES ('11',  'Laptop');
INSERT INTO `FlipKartDatabase`.`Keywords`(`productId`, `keyword`) VALUES ('11',  'Electronics');
INSERT INTO `FlipKartDatabase`.`Keywords`(`productId`, `keyword`) VALUES ('12',  'Laptop');
INSERT INTO `FlipKartDatabase`.`Keywords`(`productId`, `keyword`) VALUES ('12',  'Electronics');
INSERT INTO `FlipKartDatabase`.`Keywords`(`productId`, `keyword`) VALUES ('13',  'Laptop');
INSERT INTO `FlipKartDatabase`.`Keywords`(`productId`, `keyword`) VALUES ('13',  'Electronics');
INSERT INTO `FlipKartDatabase`.`Keywords`(`productId`, `keyword`) VALUES ('14',  'Laptop');
INSERT INTO `FlipKartDatabase`.`Keywords`(`productId`, `keyword`) VALUES ('14',  'Electronics');
INSERT INTO `FlipKartDatabase`.`Keywords`(`productId`, `keyword`) VALUES ('15',  'Laptop');
INSERT INTO `FlipKartDatabase`.`Keywords`(`productId`, `keyword`) VALUES ('15',  'Electronics');
INSERT INTO `FlipKartDatabase`.`Keywords`(`productId`, `keyword`) VALUES ('16',  'Laptop');
INSERT INTO `FlipKartDatabase`.`Keywords`(`productId`, `keyword`) VALUES ('16',  'Electronics');
INSERT INTO `FlipKartDatabase`.`Keywords`(`productId`, `keyword`) VALUES ('17',  'Camera');
INSERT INTO `FlipKartDatabase`.`Keywords`(`productId`, `keyword`) VALUES ('17',  'Electronics');
INSERT INTO `FlipKartDatabase`.`Keywords`(`productId`, `keyword`) VALUES ('18',  'Camera');
INSERT INTO `FlipKartDatabase`.`Keywords`(`productId`, `keyword`) VALUES ('18',  'Electronics');
INSERT INTO `FlipKartDatabase`.`Keywords`(`productId`, `keyword`) VALUES ('19',  'Camera');
INSERT INTO `FlipKartDatabase`.`Keywords`(`productId`, `keyword`) VALUES ('19',  'Electronics');
INSERT INTO `FlipKartDatabase`.`Keywords`(`productId`, `keyword`) VALUES ('20',  'Camera');
INSERT INTO `FlipKartDatabase`.`Keywords`(`productId`, `keyword`) VALUES ('20',  'Electronics');
INSERT INTO `FlipKartDatabase`.`Keywords`(`productId`, `keyword`) VALUES ('21',  'Camera');
INSERT INTO `FlipKartDatabase`.`Keywords`(`productId`, `keyword`) VALUES ('21',  'Electronics');
INSERT INTO `FlipKartDatabase`.`Keywords`(`productId`, `keyword`) VALUES ('22',  'Camera');
INSERT INTO `FlipKartDatabase`.`Keywords`(`productId`, `keyword`) VALUES ('22',  'Electronics');
INSERT INTO `FlipKartDatabase`.`Keywords`(`productId`, `keyword`) VALUES ('23',  'Camera');
INSERT INTO `FlipKartDatabase`.`Keywords`(`productId`, `keyword`) VALUES ('23',  'Electronics');
INSERT INTO `FlipKartDatabase`.`Keywords`(`productId`, `keyword`) VALUES ('24',  'Gaming');
INSERT INTO `FlipKartDatabase`.`Keywords`(`productId`, `keyword`) VALUES ('24',  'Electronics');
INSERT INTO `FlipKartDatabase`.`Keywords`(`productId`, `keyword`) VALUES ('25',  'Gaming');
INSERT INTO `FlipKartDatabase`.`Keywords`(`productId`, `keyword`) VALUES ('25',  'Electronics');
INSERT INTO `FlipKartDatabase`.`Keywords`(`productId`, `keyword`) VALUES ('26',  'Gaming');
INSERT INTO `FlipKartDatabase`.`Keywords`(`productId`, `keyword`) VALUES ('26',  'Electronics');
INSERT INTO `FlipKartDatabase`.`Keywords`(`productId`, `keyword`) VALUES ('26',  'Laptop');
INSERT INTO `FlipKartDatabase`.`Keywords`(`productId`, `keyword`) VALUES ('27',  'Laptop');
INSERT INTO `FlipKartDatabase`.`Keywords`(`productId`, `keyword`) VALUES ('27',  'Gaming');
INSERT INTO `FlipKartDatabase`.`Keywords`(`productId`, `keyword`) VALUES ('27',  'Electronics');
INSERT INTO `FlipKartDatabase`.`Keywords`(`productId`, `keyword`) VALUES ('28',  'Gaming');
INSERT INTO `FlipKartDatabase`.`Keywords`(`productId`, `keyword`) VALUES ('28',  'Electronics');
INSERT INTO `FlipKartDatabase`.`Keywords`(`productId`, `keyword`) VALUES ('28',  'Laptop');
INSERT INTO `FlipKartDatabase`.`Keywords`(`productId`, `keyword`) VALUES ('28',  'Laptop accessories');
INSERT INTO `FlipKartDatabase`.`Keywords`(`productId`, `keyword`) VALUES ('29',  'Gaming');
INSERT INTO `FlipKartDatabase`.`Keywords`(`productId`, `keyword`) VALUES ('29',  'Electronics');
INSERT INTO `FlipKartDatabase`.`Keywords`(`productId`, `keyword`) VALUES ('29',  'Laptop');
INSERT INTO `FlipKartDatabase`.`Keywords`(`productId`, `keyword`) VALUES ('29',  'Laptop accessories');
INSERT INTO `FlipKartDatabase`.`Keywords`(`productId`, `keyword`) VALUES ('30',  'Gaming');
INSERT INTO `FlipKartDatabase`.`Keywords`(`productId`, `keyword`) VALUES ('30',  'Electronics');
INSERT INTO `FlipKartDatabase`.`Keywords`(`productId`, `keyword`) VALUES ('30',  'Laptop');
INSERT INTO `FlipKartDatabase`.`Keywords`(`productId`, `keyword`) VALUES ('30',  'Laptop accessories');
INSERT INTO `FlipKartDatabase`.`Keywords`(`productId`, `keyword`) VALUES ('31',  'Gaming');
INSERT INTO `FlipKartDatabase`.`Keywords`(`productId`, `keyword`) VALUES ('31',  'Electronics');
INSERT INTO `FlipKartDatabase`.`Keywords`(`productId`, `keyword`) VALUES ('31',  'Laptop');
INSERT INTO `FlipKartDatabase`.`Keywords`(`productId`, `keyword`) VALUES ('31',  'Laptop accessories');
INSERT INTO `FlipKartDatabase`.`Keywords`(`productId`, `keyword`) VALUES ('32',  'Mobile accessories');
INSERT INTO `FlipKartDatabase`.`Keywords`(`productId`, `keyword`) VALUES ('32',  'Electronics');
INSERT INTO `FlipKartDatabase`.`Keywords`(`productId`, `keyword`) VALUES ('32',  'Mobile');
INSERT INTO `FlipKartDatabase`.`Keywords`(`productId`, `keyword`) VALUES ('32',  'Laptop accessories');
INSERT INTO `FlipKartDatabase`.`Keywords`(`productId`, `keyword`) VALUES ('33',  'Electronics');
INSERT INTO `FlipKartDatabase`.`Keywords`(`productId`, `keyword`) VALUES ('33',  'Laptop');
INSERT INTO `FlipKartDatabase`.`Keywords`(`productId`, `keyword`) VALUES ('33',  'Laptop accessories');
INSERT INTO `FlipKartDatabase`.`Keywords`(`productId`, `keyword`) VALUES ('34',  'Mobile');
INSERT INTO `FlipKartDatabase`.`Keywords`(`productId`, `keyword`) VALUES ('34',  'Electronics');
INSERT INTO `FlipKartDatabase`.`Keywords`(`productId`, `keyword`) VALUES ('34',  'Smart phone');
INSERT INTO `FlipKartDatabase`.`Keywords`(`productId`, `keyword`) VALUES ('34',  'Dual Sim');
INSERT INTO `FlipKartDatabase`.`Keywords`(`productId`, `keyword`) VALUES ('35',  'Laptop');
INSERT INTO `FlipKartDatabase`.`Keywords`(`productId`, `keyword`) VALUES ('35',  'Electronics');
INSERT INTO `FlipKartDatabase`.`Keywords`(`productId`, `keyword`) VALUES ('36',  'Gifts');
INSERT INTO `FlipKartDatabase`.`Keywords`(`productId`, `keyword`) VALUES ('36',  'Kids');
INSERT INTO `FlipKartDatabase`.`Keywords`(`productId`, `keyword`) VALUES ('37',  'Home appliances');
INSERT INTO `FlipKartDatabase`.`Keywords`(`productId`, `keyword`) VALUES ('37',  'Juicer');


insert into `FlipKartDatabase`.`Stock` values (1 , 10 , 3 , 1000 , 1 , '2014-04-03');
insert into `FlipKartDatabase`.`Stock` values (2 , 0 , 5 , 1000 , 1 , '2014-04-03');
insert into `FlipKartDatabase`.`Stock` values (3 , 20 , 10 , 1000 , 1 , '2014-04-03');
insert into `FlipKartDatabase`.`Stock` values (4 , 5 , 7 , 1000 , 1 , '2014-04-03');
insert into `FlipKartDatabase`.`Stock` values (5 , 0 , 1 , 1000 , 1 , '2014-04-03');
insert into `FlipKartDatabase`.`Stock` values (6 , 10 , 12 , 1000 , 1 , '2014-04-03');
insert into `FlipKartDatabase`.`Stock` values (7 , 10 , 0 , 1000 , 1 , '2014-04-03');
insert into `FlipKartDatabase`.`Stock` values (8 , 0 , 0 , 1000 , 1 , '2014-04-03');
insert into `FlipKartDatabase`.`Stock` values (9 , 0 , 1 , 1000 , 1 , '2014-04-03');
insert into `FlipKartDatabase`.`Stock` values (10 , 0 , 0 , 1000 , 1 , '2014-04-03');
insert into `FlipKartDatabase`.`Stock` values (11 , 5 , 2 , 1000 , 1 , '2014-04-03');
insert into `FlipKartDatabase`.`Stock` values (12 , 2 , 0 , 1000 , 1 , '2014-04-03');
insert into `FlipKartDatabase`.`Stock` values (13 , 3 , 0 , 1000 , 1 , '2014-04-03');
insert into `FlipKartDatabase`.`Stock` values (14 , 5 , 7 , 1000 , 1 , '2014-04-03');
insert into `FlipKartDatabase`.`Stock` values (15 , 0 , 0 , 1000 , 1 , '2014-04-03');
insert into `FlipKartDatabase`.`Stock` values (16 , 1 , 0 , 1000 , 1 , '2014-04-03');
insert into `FlipKartDatabase`.`Stock` values (17 , 1 , 0 , 1000 , 1 , '2014-04-03');
insert into `FlipKartDatabase`.`Stock` values (18 , 0 , 0 , 1000 , 1 , '2014-04-03');
insert into `FlipKartDatabase`.`Stock` values (19 , 8 , 10 , 1000 , 1 , '2014-04-03');
insert into `FlipKartDatabase`.`Stock` values (20 , 0 , 0 , 1000 , 1 , '2014-04-03');
insert into `FlipKartDatabase`.`Stock` values (21 , 10 , 20 , 1000 , 1 , '2014-04-03');
insert into `FlipKartDatabase`.`Stock` values (22 , 15 , 10 , 1000 , 1 , '2014-04-03');
insert into `FlipKartDatabase`.`Stock` values (23 , 0 , 0 , 1000 , 1 , '2014-04-03');
insert into `FlipKartDatabase`.`Stock` values (24 , 0 , 10 , 1000 , 1 , '2014-04-03');
insert into `FlipKartDatabase`.`Stock` values (25 , 5 , 5 , 1000 , 1 , '2014-04-03');
insert into `FlipKartDatabase`.`Stock` values (26 , 7 , 4 , 1000 , 1 , '2014-04-03');
insert into `FlipKartDatabase`.`Stock` values (27 , 3 , 5 , 1000 , 1 , '2014-04-03');
insert into `FlipKartDatabase`.`Stock` values (28 , 0 , 0 , 1000 , 1 , '2014-04-03');
insert into `FlipKartDatabase`.`Stock` values (29 , 2 , 0 , 1000 , 1 , '2014-04-03');
insert into `FlipKartDatabase`.`Stock` values (30 , 0 , 0 , 1000 , 1 , '2014-04-03');
insert into `FlipKartDatabase`.`Stock` values (31 , 1 , 0 , 1000 , 1 , '2014-04-03');
insert into `FlipKartDatabase`.`Stock` values (32 , 0 , 0 , 1000 , 1 , '2014-04-03');
insert into `FlipKartDatabase`.`Stock` values (33 , 10 , 5 , 1000 , 1 , '2014-04-04');
insert into `FlipKartDatabase`.`Stock` values (34 , 15 , 20 , 1000 , 1 , '2014-04-04');
insert into `FlipKartDatabase`.`Stock` values (35 , 12 , 20 , 1000 , 1 , '2014-04-04');
insert into `FlipKartDatabase`.`Stock` values (36 , 5 , 10 , 1000 , 1 , '2014-04-05');
insert into `FlipKartDatabase`.`Stock` values (37 , 7 , 5 , 1000 , 1 , '2014-04-06');






